{
  "total_events": 1533,
  "total_responses": 467,
  "total_soar_executions": 467,
  "mean_response_time": 9995.739696949446,
  "success_rate": 0.9357601713062098
}